timestamp,load
2026-05-05 05:30:00.000000 UTC,8.648
2026-05-05 10:30:00.000000 UTC,6.175
2026-05-05 12:00:00.000000 UTC,3.747
2026-05-05 06:00:00.000000 UTC,8.104
2026-05-05 19:30:00.000000 UTC,0.835
2026-05-05 18:30:00.000000 UTC,1.328
2026-05-05 15:30:00.000000 UTC,2.35
2026-05-05 16:30:00.000000 UTC,1.766
2026-05-05 07:00:00.000000 UTC,5.542
2026-05-05 02:00:00.000000 UTC,0.794
2026-05-05 20:30:00.000000 UTC,1.081
2026-05-05 12:30:00.000000 UTC,2.594
2026-05-05 15:00:00.000000 UTC,3.371
2026-05-05 01:00:00.000000 UTC,1.07
2026-05-05 21:00:00.000000 UTC,0.929
2026-05-05 01:30:00.000000 UTC,1.09
2026-05-05 03:00:00.000000 UTC,6.996
2026-05-05 00:00:00.000000 UTC,0.809
2026-05-05 13:00:00.000000 UTC,3.96
2026-05-05 00:30:00.000000 UTC,1.244
2026-05-05 17:30:00.000000 UTC,1.285
2026-05-05 08:00:00.000000 UTC,8.377
2026-05-05 16:00:00.000000 UTC,1.773
2026-05-05 08:30:00.000000 UTC,5.091
2026-05-05 10:00:00.000000 UTC,5.271
2026-05-05 09:00:00.000000 UTC,4.956
2026-05-05 17:00:00.000000 UTC,1.484
2026-05-05 11:00:00.000000 UTC,6.803
2026-05-05 04:30:00.000000 UTC,7.266
2026-05-05 22:00:00.000000 UTC,1.305
2026-05-05 11:30:00.000000 UTC,3.732
2026-05-05 21:30:00.000000 UTC,0.75
2026-05-05 09:30:00.000000 UTC,6.848
2026-05-05 14:30:00.000000 UTC,4.615
2026-05-05 04:00:00.000000 UTC,3.556
2026-05-05 23:00:00.000000 UTC,0.992
2026-05-05 22:30:00.000000 UTC,0.833
2026-05-05 23:30:00.000000 UTC,0.918
2026-05-05 05:00:00.000000 UTC,9.806
2026-05-05 02:30:00.000000 UTC,8.192
2026-05-05 06:30:00.000000 UTC,6.957
2026-05-05 03:30:00.000000 UTC,6.658
2026-05-05 20:00:00.000000 UTC,1.197
2026-05-05 07:30:00.000000 UTC,6.825
2026-05-05 18:00:00.000000 UTC,1.383
2026-05-05 13:30:00.000000 UTC,4.16
2026-05-05 19:00:00.000000 UTC,1.066
2026-05-05 14:00:00.000000 UTC,3.347
2026-05-25 08:30:00.000000 UTC,8.374
2026-05-25 15:30:00.000000 UTC,3.671
2026-05-25 22:30:00.000000 UTC,1.942
2026-05-25 17:30:00.000000 UTC,2.786
2026-05-25 19:00:00.000000 UTC,2.497
2026-05-25 04:30:00.000000 UTC,5.803
2026-05-25 14:30:00.000000 UTC,5.382
2026-05-25 01:30:00.000000 UTC,2.402
2026-05-25 00:00:00.000000 UTC,2.271
2026-05-25 18:30:00.000000 UTC,2.71
2026-05-25 21:00:00.000000 UTC,2.38
2026-05-25 06:30:00.000000 UTC,4.852
2026-05-25 12:00:00.000000 UTC,4.771
2026-05-25 08:00:00.000000 UTC,9.654
2026-05-25 13:00:00.000000 UTC,5.152
2026-05-25 09:30:00.000000 UTC,8.092
2026-05-25 01:00:00.000000 UTC,2.444
2026-05-25 10:00:00.000000 UTC,9.042
2026-05-25 14:00:00.000000 UTC,6.047
2026-05-25 06:00:00.000000 UTC,6.169
2026-05-25 02:30:00.000000 UTC,8.681
2026-05-25 13:30:00.000000 UTC,6.163
2026-05-25 16:30:00.000000 UTC,3.094
2026-05-25 19:30:00.000000 UTC,2.684
2026-05-25 03:30:00.000000 UTC,7.642
2026-05-25 11:00:00.000000 UTC,7.007
2026-05-25 05:30:00.000000 UTC,9.376
2026-05-25 20:00:00.000000 UTC,2.395
2026-05-25 03:00:00.000000 UTC,7.339
2026-05-25 21:30:00.000000 UTC,2.226
2026-05-25 09:00:00.000000 UTC,9.198
2026-05-25 16:00:00.000000 UTC,3.01
2026-05-25 23:30:00.000000 UTC,1.547
2026-05-25 10:30:00.000000 UTC,5.545
2026-05-25 23:00:00.000000 UTC,1.597
2026-05-25 04:00:00.000000 UTC,4.477
2026-05-25 18:00:00.000000 UTC,2.683
2026-05-25 05:00:00.000000 UTC,8.078
2026-05-25 17:00:00.000000 UTC,2.821
2026-05-25 07:30:00.000000 UTC,7.928
2026-05-25 00:30:00.000000 UTC,2.685
2026-05-25 02:00:00.000000 UTC,1.561
2026-05-25 11:30:00.000000 UTC,4.73
2026-05-25 15:00:00.000000 UTC,4.503
2026-05-25 20:30:00.000000 UTC,2.406
2026-05-25 07:00:00.000000 UTC,5.328
2026-05-25 22:00:00.000000 UTC,2.015
2026-05-25 12:30:00.000000 UTC,4.065
2026-05-04 15:00:00.000000 UTC,3.916
2026-05-04 11:30:00.000000 UTC,4.472
2026-05-04 22:00:00.000000 UTC,1.194
2026-05-04 18:30:00.000000 UTC,1.642
2026-05-04 10:00:00.000000 UTC,6.462
2026-05-04 23:30:00.000000 UTC,1.622
2026-05-04 07:30:00.000000 UTC,7.557
2026-05-04 02:30:00.000000 UTC,8.312
2026-05-04 21:30:00.000000 UTC,1.216
2026-05-04 06:30:00.000000 UTC,6.804
2026-05-04 01:30:00.000000 UTC,1.464
2026-05-04 09:30:00.000000 UTC,7.316
2026-05-04 20:00:00.000000 UTC,1.56
2026-05-04 23:00:00.000000 UTC,1.17
2026-05-04 14:30:00.000000 UTC,3.892
2026-05-04 12:00:00.000000 UTC,5.456
2026-05-04 06:00:00.000000 UTC,6.491
2026-05-04 13:00:00.000000 UTC,2.164
2026-05-04 09:00:00.000000 UTC,4.883
2026-05-04 00:00:00.000000 UTC,0.821
2026-05-04 20:30:00.000000 UTC,1.165
2026-05-04 15:30:00.000000 UTC,2.324
2026-05-04 19:00:00.000000 UTC,1.329
2026-05-04 17:00:00.000000 UTC,1.308
2026-05-04 04:00:00.000000 UTC,3.559
2026-05-04 10:30:00.000000 UTC,6.449
2026-05-04 08:00:00.000000 UTC,7.694
2026-05-04 01:00:00.000000 UTC,0.938
2026-05-04 03:00:00.000000 UTC,6.848
2026-05-04 03:30:00.000000 UTC,7.29
2026-05-04 22:30:00.000000 UTC,0.82
2026-05-04 19:30:00.000000 UTC,1.237
2026-05-04 17:30:00.000000 UTC,1.44
2026-05-04 05:00:00.000000 UTC,12.348
2026-05-04 07:00:00.000000 UTC,7.664
2026-05-04 05:30:00.000000 UTC,9.592
2026-05-04 13:30:00.000000 UTC,4.592
2026-05-04 08:30:00.000000 UTC,6.614
2026-05-04 18:00:00.000000 UTC,1.716
2026-05-04 14:00:00.000000 UTC,4.521
2026-05-04 00:30:00.000000 UTC,1.636
2026-05-04 16:00:00.000000 UTC,1.931
2026-05-04 16:30:00.000000 UTC,1.605
2026-05-04 21:00:00.000000 UTC,0.814
2026-05-04 02:00:00.000000 UTC,1.189
2026-05-04 12:30:00.000000 UTC,4.595
2026-05-04 04:30:00.000000 UTC,9.945
2026-05-04 11:00:00.000000 UTC,6.655
2026-05-28 18:00:00.000000 UTC,3.687
2026-05-28 10:30:00.000000 UTC,6.504
2026-05-28 07:30:00.000000 UTC,12.095
2026-05-28 05:00:00.000000 UTC,9.251
2026-05-28 03:30:00.000000 UTC,7.135
2026-05-28 13:00:00.000000 UTC,5.651
2026-05-28 01:30:00.000000 UTC,0.955
2026-05-28 02:30:00.000000 UTC,8.401
2026-05-28 18:30:00.000000 UTC,3.475
2026-05-28 15:00:00.000000 UTC,6.683
2026-05-28 02:00:00.000000 UTC,1.061
2026-05-28 00:00:00.000000 UTC,1.165
2026-05-28 09:30:00.000000 UTC,7.087
2026-05-28 19:00:00.000000 UTC,3.125
2026-05-28 08:30:00.000000 UTC,9.629
2026-05-28 16:00:00.000000 UTC,4.628
2026-05-28 06:30:00.000000 UTC,8.219
2026-05-28 15:30:00.000000 UTC,5.404
2026-05-28 08:00:00.000000 UTC,11.541
2026-05-28 14:00:00.000000 UTC,6.97
2026-05-28 22:00:00.000000 UTC,1.353
2026-05-28 13:30:00.000000 UTC,6.776
2026-05-28 12:00:00.000000 UTC,7.167
2026-05-28 20:00:00.000000 UTC,2.802
2026-05-28 16:30:00.000000 UTC,4.303
2026-05-28 10:00:00.000000 UTC,7.043
2026-05-28 09:00:00.000000 UTC,7.286
2026-05-28 00:30:00.000000 UTC,1.128
2026-05-28 04:00:00.000000 UTC,3.867
2026-05-28 11:00:00.000000 UTC,7.151
2026-05-28 23:00:00.000000 UTC,1.619
2026-05-28 22:30:00.000000 UTC,1.158
2026-05-28 21:00:00.000000 UTC,2.324
2026-05-28 19:30:00.000000 UTC,2.755
2026-05-28 17:00:00.000000 UTC,4.044
2026-05-28 23:30:00.000000 UTC,1.157
2026-05-28 04:30:00.000000 UTC,5.874
2026-05-28 14:30:00.000000 UTC,6.285
2026-05-28 06:00:00.000000 UTC,8.488
2026-05-28 11:30:00.000000 UTC,6.309
2026-05-28 12:30:00.000000 UTC,5.031
2026-05-28 05:30:00.000000 UTC,8.664
2026-05-28 17:30:00.000000 UTC,3.756
2026-05-28 01:00:00.000000 UTC,1.193
2026-05-28 20:30:00.000000 UTC,2.097
2026-05-28 07:00:00.000000 UTC,10.069
2026-05-28 21:30:00.000000 UTC,1.481
2026-05-28 03:00:00.000000 UTC,6.882
2026-05-07 07:00:00.000000 UTC,4.601
2026-05-07 05:00:00.000000 UTC,13.85
2026-05-07 04:30:00.000000 UTC,10.531
2026-05-07 19:30:00.000000 UTC,1.242
2026-05-07 13:00:00.000000 UTC,3.548
2026-05-07 18:30:00.000000 UTC,1.7
2026-05-07 08:30:00.000000 UTC,6.004
2026-05-07 23:00:00.000000 UTC,1.62
2026-05-07 17:00:00.000000 UTC,1.861
2026-05-07 02:00:00.000000 UTC,1.052
2026-05-07 00:30:00.000000 UTC,1.796
2026-05-07 01:00:00.000000 UTC,1.433
2026-05-07 06:00:00.000000 UTC,12.258
2026-05-07 11:30:00.000000 UTC,5.233
2026-05-07 22:00:00.000000 UTC,1.154
2026-05-07 12:00:00.000000 UTC,4.97
2026-05-07 11:00:00.000000 UTC,4.699
2026-05-07 09:30:00.000000 UTC,4.73
2026-05-07 16:30:00.000000 UTC,1.925
2026-05-07 10:30:00.000000 UTC,5.854
2026-05-07 21:30:00.000000 UTC,1.773
2026-05-07 12:30:00.000000 UTC,3.118
2026-05-07 01:30:00.000000 UTC,1.259
2026-05-07 16:00:00.000000 UTC,1.824
2026-05-07 20:30:00.000000 UTC,1.501
2026-05-07 19:00:00.000000 UTC,1.706
2026-05-07 00:00:00.000000 UTC,1.546
2026-05-07 05:30:00.000000 UTC,13.442
2026-05-07 13:30:00.000000 UTC,4.71
2026-05-07 03:00:00.000000 UTC,6.909
2026-05-07 23:30:00.000000 UTC,1.093
2026-05-07 02:30:00.000000 UTC,8.331
2026-05-07 15:30:00.000000 UTC,3.269
2026-05-07 14:00:00.000000 UTC,3.726
2026-05-07 09:00:00.000000 UTC,5.453
2026-05-07 10:00:00.000000 UTC,5.947
2026-05-07 04:00:00.000000 UTC,2.947
2026-05-07 14:30:00.000000 UTC,2.577
2026-05-07 21:00:00.000000 UTC,1.346
2026-05-07 07:30:00.000000 UTC,8.123
2026-05-07 22:30:00.000000 UTC,1.06
2026-05-07 20:00:00.000000 UTC,1.781
2026-05-07 03:30:00.000000 UTC,6.911
2026-05-07 08:00:00.000000 UTC,7.985
2026-05-07 06:30:00.000000 UTC,9.812
2026-05-07 15:00:00.000000 UTC,4.252
2026-05-07 17:30:00.000000 UTC,1.601
2026-05-07 18:00:00.000000 UTC,1.463
2026-05-17 10:00:00.000000 UTC,7.342
2026-05-17 04:00:00.000000 UTC,4.883
2026-05-17 23:00:00.000000 UTC,1.372
2026-05-17 10:30:00.000000 UTC,8.348
2026-05-17 22:00:00.000000 UTC,1.297
2026-05-17 16:00:00.000000 UTC,1.493
2026-05-17 14:30:00.000000 UTC,3.35
2026-05-17 05:00:00.000000 UTC,13.766
2026-05-17 12:30:00.000000 UTC,4.442
2026-05-17 18:00:00.000000 UTC,1.056
2026-05-17 13:00:00.000000 UTC,3.698
2026-05-17 19:00:00.000000 UTC,1.079
2026-05-17 17:00:00.000000 UTC,1.419
2026-05-17 19:30:00.000000 UTC,1.123
2026-05-17 21:00:00.000000 UTC,1.156
2026-05-17 03:30:00.000000 UTC,12.394
2026-05-17 16:30:00.000000 UTC,1.57
2026-05-17 08:30:00.000000 UTC,6.467
2026-05-17 08:00:00.000000 UTC,7.217
2026-05-17 06:30:00.000000 UTC,13.375
2026-05-17 00:00:00.000000 UTC,1.06
2026-05-17 15:00:00.000000 UTC,3.273
2026-05-17 22:30:00.000000 UTC,0.811
2026-05-17 06:00:00.000000 UTC,13.074
2026-05-17 04:30:00.000000 UTC,6.483
2026-05-17 01:30:00.000000 UTC,1.055
2026-05-17 17:30:00.000000 UTC,1.375
2026-05-17 01:00:00.000000 UTC,1.222
2026-05-17 20:30:00.000000 UTC,1.109
2026-05-17 21:30:00.000000 UTC,0.867
2026-05-17 00:30:00.000000 UTC,0.954
2026-05-17 11:30:00.000000 UTC,4.962
2026-05-17 20:00:00.000000 UTC,1.084
2026-05-17 09:30:00.000000 UTC,6.929
2026-05-17 09:00:00.000000 UTC,7.248
2026-05-17 13:30:00.000000 UTC,2.53
2026-05-17 02:00:00.000000 UTC,0.855
2026-05-17 23:30:00.000000 UTC,0.95
2026-05-17 18:30:00.000000 UTC,1.469
2026-05-17 12:00:00.000000 UTC,4.186
2026-05-17 07:00:00.000000 UTC,7.148
2026-05-17 11:00:00.000000 UTC,6.804
2026-05-17 07:30:00.000000 UTC,5.112
2026-05-17 05:30:00.000000 UTC,13.321
2026-05-17 02:30:00.000000 UTC,15.332
2026-05-17 03:00:00.000000 UTC,13.178
2026-05-17 14:00:00.000000 UTC,3.514
2026-05-17 15:30:00.000000 UTC,2.155
2026-05-13 11:00:00.000000 UTC,5.443
2026-05-13 03:30:00.000000 UTC,6.886
2026-05-13 05:00:00.000000 UTC,7.166
2026-05-13 00:00:00.000000 UTC,0.939
2026-05-13 10:30:00.000000 UTC,5.633
2026-05-13 20:00:00.000000 UTC,1.365
2026-05-13 09:30:00.000000 UTC,7.532
2026-05-13 08:00:00.000000 UTC,8.708
2026-05-13 18:00:00.000000 UTC,1.009
2026-05-13 02:30:00.000000 UTC,8.183
2026-05-13 00:30:00.000000 UTC,1.379
2026-05-13 05:30:00.000000 UTC,5.882
2026-05-13 01:30:00.000000 UTC,0.97
2026-05-13 13:00:00.000000 UTC,3.763
2026-05-13 16:00:00.000000 UTC,1.559
2026-05-13 19:00:00.000000 UTC,1.685
2026-05-13 10:00:00.000000 UTC,5.785
2026-05-13 22:00:00.000000 UTC,1.118
2026-05-13 04:00:00.000000 UTC,3.11
2026-05-13 12:30:00.000000 UTC,5.337
2026-05-13 23:00:00.000000 UTC,0.949
2026-05-13 15:00:00.000000 UTC,3.006
2026-05-13 11:30:00.000000 UTC,4.405
2026-05-13 19:30:00.000000 UTC,0.755
2026-05-13 21:30:00.000000 UTC,1.012
2026-05-13 04:30:00.000000 UTC,4.723
2026-05-13 15:30:00.000000 UTC,2.126
2026-05-13 01:00:00.000000 UTC,1.665
2026-05-13 21:00:00.000000 UTC,0.88
2026-05-13 14:00:00.000000 UTC,3.577
2026-05-13 02:00:00.000000 UTC,1.287
2026-05-13 23:30:00.000000 UTC,1.001
2026-05-13 16:30:00.000000 UTC,1.818
2026-05-13 08:30:00.000000 UTC,8.255
2026-05-13 06:30:00.000000 UTC,6.185
2026-05-13 06:00:00.000000 UTC,6.891
2026-05-13 03:00:00.000000 UTC,7.371
2026-05-13 07:30:00.000000 UTC,12.934
2026-05-13 14:30:00.000000 UTC,3.913
2026-05-13 20:30:00.000000 UTC,1.101
2026-05-13 12:00:00.000000 UTC,6.229
2026-05-13 17:00:00.000000 UTC,1.355
2026-05-13 07:00:00.000000 UTC,8.077
2026-05-13 09:00:00.000000 UTC,8.163
2026-05-13 17:30:00.000000 UTC,1.409
2026-05-13 22:30:00.000000 UTC,0.907
2026-05-13 18:30:00.000000 UTC,1.35
2026-05-13 13:30:00.000000 UTC,4.053
2026-05-08 00:00:00.000000 UTC,1.108
2026-05-08 06:00:00.000000 UTC,10.146
2026-05-08 08:30:00.000000 UTC,8.067
2026-05-08 08:00:00.000000 UTC,9.61
2026-05-08 01:00:00.000000 UTC,1.121
2026-05-08 04:00:00.000000 UTC,4.842
2026-05-08 21:30:00.000000 UTC,1.263
2026-05-08 21:00:00.000000 UTC,1.729
2026-05-08 19:30:00.000000 UTC,1.219
2026-05-08 04:30:00.000000 UTC,6.763
2026-05-08 09:30:00.000000 UTC,7.387
2026-05-08 19:00:00.000000 UTC,1.453
2026-05-08 02:00:00.000000 UTC,1.685
2026-05-08 03:00:00.000000 UTC,12.904
2026-05-08 22:30:00.000000 UTC,1.419
2026-05-08 23:00:00.000000 UTC,1.438
2026-05-08 12:30:00.000000 UTC,3.586
2026-05-08 05:30:00.000000 UTC,12.36
2026-05-08 20:00:00.000000 UTC,1.192
2026-05-08 18:00:00.000000 UTC,1.457
2026-05-08 10:00:00.000000 UTC,7.893
2026-05-08 14:00:00.000000 UTC,4.885
2026-05-08 00:30:00.000000 UTC,2.206
2026-05-08 07:30:00.000000 UTC,9.187
2026-05-08 03:30:00.000000 UTC,12.912
2026-05-08 11:30:00.000000 UTC,4.158
2026-05-08 23:30:00.000000 UTC,1.284
2026-05-08 10:30:00.000000 UTC,6.076
2026-05-08 17:00:00.000000 UTC,2.064
2026-05-08 09:00:00.000000 UTC,7.117
2026-05-08 13:00:00.000000 UTC,5.433
2026-05-08 18:30:00.000000 UTC,1.742
2026-05-08 13:30:00.000000 UTC,6.165
2026-05-08 14:30:00.000000 UTC,3.813
2026-05-08 12:00:00.000000 UTC,4.191
2026-05-08 20:30:00.000000 UTC,1.218
2026-05-08 17:30:00.000000 UTC,1.516
2026-05-08 07:00:00.000000 UTC,8.653
2026-05-08 15:00:00.000000 UTC,4.538
2026-05-08 15:30:00.000000 UTC,3.176
2026-05-08 11:00:00.000000 UTC,7.494
2026-05-08 16:00:00.000000 UTC,2.053
2026-05-08 02:30:00.000000 UTC,15.404
2026-05-08 22:00:00.000000 UTC,1.201
2026-05-08 01:30:00.000000 UTC,1.074
2026-05-08 06:30:00.000000 UTC,11.217
2026-05-08 16:30:00.000000 UTC,2.088
2026-05-08 05:00:00.000000 UTC,11.102
2026-05-03 22:00:00.000000 UTC,1.184
2026-05-03 21:30:00.000000 UTC,1.19
2026-05-03 02:30:00.000000 UTC,12.123
2026-05-03 11:30:00.000000 UTC,6.062
2026-05-03 21:00:00.000000 UTC,1.06
2026-05-03 15:00:00.000000 UTC,5.024
2026-05-03 03:00:00.000000 UTC,9.717
2026-05-03 01:30:00.000000 UTC,0.886
2026-05-03 05:30:00.000000 UTC,13.531
2026-05-03 12:30:00.000000 UTC,5.866
2026-05-03 06:30:00.000000 UTC,12.531
2026-05-03 00:30:00.000000 UTC,1.453
2026-05-03 03:30:00.000000 UTC,10.064
2026-05-03 18:30:00.000000 UTC,0.877
2026-05-03 17:30:00.000000 UTC,1.534
2026-05-03 14:00:00.000000 UTC,4.411
2026-05-03 00:00:00.000000 UTC,1.417
2026-05-03 15:30:00.000000 UTC,2.634
2026-05-03 06:00:00.000000 UTC,11.45
2026-05-03 08:00:00.000000 UTC,10.402
2026-05-03 13:30:00.000000 UTC,5.073
2026-05-03 09:00:00.000000 UTC,9.827
2026-05-03 22:30:00.000000 UTC,0.799
2026-05-03 10:00:00.000000 UTC,6.654
2026-05-03 01:00:00.000000 UTC,0.883
2026-05-03 16:00:00.000000 UTC,1.958
2026-05-03 14:30:00.000000 UTC,4.768
2026-05-03 19:00:00.000000 UTC,1.56
2026-05-03 08:30:00.000000 UTC,8.918
2026-05-03 04:00:00.000000 UTC,5.449
2026-05-03 23:30:00.000000 UTC,0.917
2026-05-03 23:00:00.000000 UTC,1.373
2026-05-03 10:30:00.000000 UTC,6.762
2026-05-03 12:00:00.000000 UTC,5.975
2026-05-03 04:30:00.000000 UTC,10.874
2026-05-03 18:00:00.000000 UTC,1.218
2026-05-03 19:30:00.000000 UTC,0.687
2026-05-03 11:00:00.000000 UTC,7.097
2026-05-03 09:30:00.000000 UTC,6.068
2026-05-03 02:00:00.000000 UTC,1.022
2026-05-03 16:30:00.000000 UTC,1.809
2026-05-03 05:00:00.000000 UTC,12.686
2026-05-03 13:00:00.000000 UTC,4.511
2026-05-03 17:00:00.000000 UTC,1.484
2026-05-03 07:00:00.000000 UTC,13.761
2026-05-03 20:30:00.000000 UTC,0.903
2026-05-03 07:30:00.000000 UTC,9.94
2026-05-03 20:00:00.000000 UTC,1.552
2026-05-21 20:30:00.000000 UTC,1.172
2026-05-21 05:30:00.000000 UTC,8.84
2026-05-21 04:00:00.000000 UTC,3.092
2026-05-21 03:30:00.000000 UTC,6.725
2026-05-21 23:30:00.000000 UTC,1.175
2026-05-21 00:30:00.000000 UTC,1.388
2026-05-21 15:30:00.000000 UTC,4.998
2026-05-21 11:30:00.000000 UTC,4.148
2026-05-21 10:30:00.000000 UTC,5.609
2026-05-21 15:00:00.000000 UTC,4.792
2026-05-21 02:00:00.000000 UTC,1.232
2026-05-21 02:30:00.000000 UTC,8.349
2026-05-21 06:30:00.000000 UTC,8.722
2026-05-21 11:00:00.000000 UTC,4.962
2026-05-21 13:00:00.000000 UTC,4.36
2026-05-21 21:00:00.000000 UTC,1.266
2026-05-21 04:30:00.000000 UTC,3.711
2026-05-21 13:30:00.000000 UTC,6.006
2026-05-21 16:00:00.000000 UTC,3.332
2026-05-21 20:00:00.000000 UTC,1.508
2026-05-21 07:30:00.000000 UTC,12.922
2026-05-21 12:00:00.000000 UTC,4.22
2026-05-21 08:30:00.000000 UTC,8.08
2026-05-21 05:00:00.000000 UTC,7.309
2026-05-21 09:30:00.000000 UTC,6.849
2026-05-21 21:30:00.000000 UTC,1.063
2026-05-21 14:00:00.000000 UTC,5.716
2026-05-21 08:00:00.000000 UTC,9.62
2026-05-21 00:00:00.000000 UTC,1.524
2026-05-21 16:30:00.000000 UTC,2.788
2026-05-21 22:00:00.000000 UTC,1.442
2026-05-21 01:00:00.000000 UTC,0.863
2026-05-21 03:00:00.000000 UTC,7.275
2026-05-21 18:30:00.000000 UTC,1.763
2026-05-21 17:30:00.000000 UTC,1.845
2026-05-21 06:00:00.000000 UTC,8.637
2026-05-21 10:00:00.000000 UTC,4.751
2026-05-21 17:00:00.000000 UTC,1.788
2026-05-21 14:30:00.000000 UTC,5.926
2026-05-21 19:00:00.000000 UTC,1.954
2026-05-21 07:00:00.000000 UTC,9.494
2026-05-21 23:00:00.000000 UTC,1.449
2026-05-21 01:30:00.000000 UTC,1.762
2026-05-21 18:00:00.000000 UTC,1.874
2026-05-21 22:30:00.000000 UTC,1.427
2026-05-21 09:00:00.000000 UTC,8.656
2026-05-21 12:30:00.000000 UTC,2.649
2026-05-21 19:30:00.000000 UTC,1.558
2026-06-01 06:00:00.000000 UTC,5.916
2026-06-01 08:30:00.000000 UTC,5.637
2026-06-01 11:30:00.000000 UTC,4.738
2026-06-01 19:00:00.000000 UTC,1.431
2026-06-01 09:00:00.000000 UTC,4.946
2026-06-01 03:00:00.000000 UTC,7.003
2026-06-01 03:30:00.000000 UTC,6.989
2026-06-01 22:30:00.000000 UTC,1.227
2026-06-01 10:30:00.000000 UTC,5.612
2026-06-01 00:00:00.000000 UTC,1.02
2026-06-01 12:00:00.000000 UTC,4.384
2026-06-01 17:30:00.000000 UTC,1.119
2026-06-01 01:00:00.000000 UTC,1.207
2026-06-01 07:00:00.000000 UTC,6.098
2026-06-01 05:00:00.000000 UTC,5.383
2026-06-01 15:30:00.000000 UTC,2.629
2026-06-01 19:30:00.000000 UTC,1.131
2026-06-01 04:00:00.000000 UTC,3.153
2026-06-01 14:00:00.000000 UTC,4.648
2026-06-01 02:30:00.000000 UTC,8.188
2026-06-01 20:00:00.000000 UTC,1.177
2026-06-01 10:00:00.000000 UTC,5.994
2026-06-01 21:30:00.000000 UTC,0.892
2026-06-01 06:30:00.000000 UTC,6.118
2026-06-01 23:30:00.000000 UTC,1.569
2026-06-01 12:30:00.000000 UTC,2.853
2026-06-01 18:00:00.000000 UTC,1.629
2026-06-01 00:30:00.000000 UTC,1.066
2026-06-01 11:00:00.000000 UTC,5.183
2026-06-01 04:30:00.000000 UTC,3.733
2026-06-01 13:30:00.000000 UTC,4.804
2026-06-01 17:00:00.000000 UTC,1.469
2026-06-01 21:00:00.000000 UTC,1.404
2026-06-01 16:00:00.000000 UTC,2.141
2026-06-01 15:00:00.000000 UTC,3.838
2026-06-01 18:30:00.000000 UTC,1.059
2026-06-01 08:00:00.000000 UTC,7.875
2026-06-01 01:30:00.000000 UTC,0.919
2026-06-01 13:00:00.000000 UTC,2.66
2026-06-01 22:00:00.000000 UTC,1.043
2026-06-01 05:30:00.000000 UTC,5.798
2026-06-01 14:30:00.000000 UTC,4.047
2026-06-01 16:30:00.000000 UTC,1.422
2026-06-01 02:00:00.000000 UTC,1.089
2026-06-01 20:30:00.000000 UTC,0.798
2026-06-01 23:00:00.000000 UTC,1.111
2026-06-01 09:30:00.000000 UTC,5.314
2026-06-01 07:30:00.000000 UTC,7.422
2026-05-12 02:30:00.000000 UTC,8.093
2026-05-12 11:00:00.000000 UTC,7.916
2026-05-12 00:00:00.000000 UTC,1.062
2026-05-12 01:00:00.000000 UTC,0.905
2026-05-12 15:30:00.000000 UTC,2.402
2026-05-12 13:30:00.000000 UTC,4.38
2026-05-12 19:30:00.000000 UTC,1.149
2026-05-12 17:00:00.000000 UTC,1.643
2026-05-12 03:30:00.000000 UTC,6.39
2026-05-12 01:30:00.000000 UTC,0.888
2026-05-12 19:00:00.000000 UTC,1.518
2026-05-12 13:00:00.000000 UTC,2.749
2026-05-12 09:00:00.000000 UTC,7.816
2026-05-12 12:30:00.000000 UTC,2.301
2026-05-12 02:00:00.000000 UTC,1.069
2026-05-12 10:00:00.000000 UTC,5.062
2026-05-12 14:30:00.000000 UTC,3.977
2026-05-12 05:30:00.000000 UTC,9.301
2026-05-12 08:00:00.000000 UTC,6.614
2026-05-12 07:30:00.000000 UTC,5.582
2026-05-12 11:30:00.000000 UTC,4.468
2026-05-12 23:30:00.000000 UTC,0.868
2026-05-12 17:30:00.000000 UTC,1.46
2026-05-12 21:00:00.000000 UTC,1.428
2026-05-12 04:30:00.000000 UTC,8.372
2026-05-12 03:00:00.000000 UTC,6.771
2026-05-12 20:30:00.000000 UTC,1.255
2026-05-12 15:00:00.000000 UTC,3.535
2026-05-12 00:30:00.000000 UTC,1.211
2026-05-12 23:00:00.000000 UTC,1.648
2026-05-12 04:00:00.000000 UTC,2.92
2026-05-12 07:00:00.000000 UTC,2.945
2026-05-12 06:00:00.000000 UTC,6.232
2026-05-12 20:00:00.000000 UTC,1.265
2026-05-12 08:30:00.000000 UTC,6.799
2026-05-12 09:30:00.000000 UTC,8.018
2026-05-12 16:30:00.000000 UTC,1.882
2026-05-12 10:30:00.000000 UTC,4.753
2026-05-12 21:30:00.000000 UTC,1.165
2026-05-12 06:30:00.000000 UTC,4.028
2026-05-12 14:00:00.000000 UTC,3.586
2026-05-12 22:30:00.000000 UTC,1.013
2026-05-12 22:00:00.000000 UTC,0.966
2026-05-12 12:00:00.000000 UTC,4.206
2026-05-12 05:00:00.000000 UTC,9.992
2026-05-12 18:30:00.000000 UTC,1.62
2026-05-12 18:00:00.000000 UTC,1.709
2026-05-12 16:00:00.000000 UTC,2.802
2026-05-22 04:00:00.000000 UTC,5.384
2026-05-22 18:00:00.000000 UTC,3.133
2026-05-22 01:30:00.000000 UTC,1.551
2026-05-22 19:00:00.000000 UTC,2.998
2026-05-22 17:30:00.000000 UTC,3.368
2026-05-22 22:00:00.000000 UTC,2.282
2026-05-22 23:00:00.000000 UTC,2.34
2026-05-22 07:30:00.000000 UTC,8.856
2026-05-22 12:00:00.000000 UTC,6.167
2026-05-22 19:30:00.000000 UTC,2.651
2026-05-22 06:30:00.000000 UTC,12.23
2026-05-22 02:30:00.000000 UTC,15.524
2026-05-22 03:30:00.000000 UTC,12.933
2026-05-22 03:00:00.000000 UTC,13.279
2026-05-22 07:00:00.000000 UTC,10.914
2026-05-22 04:30:00.000000 UTC,9.137
2026-05-22 15:00:00.000000 UTC,6.357
2026-05-22 02:00:00.000000 UTC,1.082
2026-05-22 11:30:00.000000 UTC,7.715
2026-05-22 09:00:00.000000 UTC,7.513
2026-05-22 12:30:00.000000 UTC,4.585
2026-05-22 17:00:00.000000 UTC,3.364
2026-05-22 10:30:00.000000 UTC,7.245
2026-05-22 00:30:00.000000 UTC,2.005
2026-05-22 13:30:00.000000 UTC,6.471
2026-05-22 10:00:00.000000 UTC,8.079
2026-05-22 23:30:00.000000 UTC,2.127
2026-05-22 08:00:00.000000 UTC,7.774
2026-05-22 14:00:00.000000 UTC,5.523
2026-05-22 05:00:00.000000 UTC,12.177
2026-05-22 11:00:00.000000 UTC,8.119
2026-05-22 01:00:00.000000 UTC,1.592
2026-05-22 21:00:00.000000 UTC,2.629
2026-05-22 08:30:00.000000 UTC,5.879
2026-05-22 05:30:00.000000 UTC,9.115
2026-05-22 21:30:00.000000 UTC,2.468
2026-05-22 16:30:00.000000 UTC,3.644
2026-05-22 15:30:00.000000 UTC,4.497
2026-05-22 00:00:00.000000 UTC,1.177
2026-05-22 20:00:00.000000 UTC,2.557
2026-05-22 20:30:00.000000 UTC,2.527
2026-05-22 06:00:00.000000 UTC,11.678
2026-05-22 14:30:00.000000 UTC,5.85
2026-05-22 16:00:00.000000 UTC,4.005
2026-05-22 18:30:00.000000 UTC,3.04
2026-05-22 09:30:00.000000 UTC,7.56
2026-05-22 22:30:00.000000 UTC,2.306
2026-05-22 13:00:00.000000 UTC,5.351
2026-05-30 17:30:00.000000 UTC,3.558
2026-05-30 16:00:00.000000 UTC,4.955
2026-05-30 11:30:00.000000 UTC,8.504
2026-05-30 03:00:00.000000 UTC,12.846
2026-05-30 08:00:00.000000 UTC,12.298
2026-05-30 00:30:00.000000 UTC,1.392
2026-05-30 04:30:00.000000 UTC,8.182
2026-05-30 14:30:00.000000 UTC,5.852
2026-05-30 03:30:00.000000 UTC,13.922
2026-05-30 13:30:00.000000 UTC,6.042
2026-05-30 17:00:00.000000 UTC,4.066
2026-05-30 21:00:00.000000 UTC,3.034
2026-05-30 18:30:00.000000 UTC,3.786
2026-05-30 08:30:00.000000 UTC,11.285
2026-05-30 22:00:00.000000 UTC,2.34
2026-05-30 10:30:00.000000 UTC,6.454
2026-05-30 10:00:00.000000 UTC,7.205
2026-05-30 16:30:00.000000 UTC,4.098
2026-05-30 01:30:00.000000 UTC,1.286
2026-05-30 04:00:00.000000 UTC,7.323
2026-05-30 15:30:00.000000 UTC,6.421
2026-05-30 19:30:00.000000 UTC,3.15
2026-05-30 20:30:00.000000 UTC,2.988
2026-05-30 05:00:00.000000 UTC,14.009
2026-05-30 13:00:00.000000 UTC,6.43
2026-05-30 06:00:00.000000 UTC,14.639
2026-05-30 05:30:00.000000 UTC,14.635
2026-05-30 21:30:00.000000 UTC,2.568
2026-05-30 20:00:00.000000 UTC,3.096
2026-05-30 02:00:00.000000 UTC,1.18
2026-05-30 15:00:00.000000 UTC,6.261
2026-05-30 07:30:00.000000 UTC,9.434
2026-05-30 09:30:00.000000 UTC,8.326
2026-05-30 14:00:00.000000 UTC,6.916
2026-05-30 06:30:00.000000 UTC,12.852
2026-05-30 22:30:00.000000 UTC,2.101
2026-05-30 18:00:00.000000 UTC,3.702
2026-05-30 12:30:00.000000 UTC,7.865
2026-05-30 02:30:00.000000 UTC,15.229
2026-05-30 23:00:00.000000 UTC,1.617
2026-05-30 19:00:00.000000 UTC,3.534
2026-05-30 23:30:00.000000 UTC,2.081
2026-05-30 09:00:00.000000 UTC,10.298
2026-05-30 00:00:00.000000 UTC,1.288
2026-05-30 11:00:00.000000 UTC,6.77
2026-05-30 01:00:00.000000 UTC,1.476
2026-05-30 12:00:00.000000 UTC,9.734
2026-05-30 07:00:00.000000 UTC,10.824
2026-05-14 05:00:00.000000 UTC,10.729
2026-05-14 04:00:00.000000 UTC,2.779
2026-05-14 21:30:00.000000 UTC,0.821
2026-05-14 10:00:00.000000 UTC,5.431
2026-05-14 08:00:00.000000 UTC,8.048
2026-05-14 13:30:00.000000 UTC,2.356
2026-05-14 05:30:00.000000 UTC,6.602
2026-05-14 00:30:00.000000 UTC,1.18
2026-05-14 19:30:00.000000 UTC,0.936
2026-05-14 04:30:00.000000 UTC,12.563
2026-05-14 01:30:00.000000 UTC,0.985
2026-05-14 14:30:00.000000 UTC,3.939
2026-05-14 12:00:00.000000 UTC,3.274
2026-05-14 02:30:00.000000 UTC,8.09
2026-05-14 22:00:00.000000 UTC,1.127
2026-05-14 07:00:00.000000 UTC,6.109
2026-05-14 16:30:00.000000 UTC,1.221
2026-05-14 16:00:00.000000 UTC,1.838
2026-05-14 11:00:00.000000 UTC,2.905
2026-05-14 19:00:00.000000 UTC,1.465
2026-05-14 07:30:00.000000 UTC,7.82
2026-05-14 01:00:00.000000 UTC,0.892
2026-05-14 06:30:00.000000 UTC,8.635
2026-05-14 03:30:00.000000 UTC,6.664
2026-05-14 17:30:00.000000 UTC,1.481
2026-05-14 15:00:00.000000 UTC,6.168
2026-05-14 08:30:00.000000 UTC,8.347
2026-05-14 18:00:00.000000 UTC,1.407
2026-05-14 11:30:00.000000 UTC,2.742
2026-05-14 20:30:00.000000 UTC,1.099
2026-05-14 03:00:00.000000 UTC,7.383
2026-05-14 13:00:00.000000 UTC,2.661
2026-05-14 09:30:00.000000 UTC,5.435
2026-05-14 18:30:00.000000 UTC,1.115
2026-05-14 17:00:00.000000 UTC,1.07
2026-05-14 09:00:00.000000 UTC,6.629
2026-05-14 22:30:00.000000 UTC,1.22
2026-05-14 10:30:00.000000 UTC,3.894
2026-05-14 23:00:00.000000 UTC,0.758
2026-05-14 15:30:00.000000 UTC,3.172
2026-05-14 06:00:00.000000 UTC,6.807
2026-05-14 00:00:00.000000 UTC,0.896
2026-05-14 23:30:00.000000 UTC,0.976
2026-05-14 14:00:00.000000 UTC,2.523
2026-05-14 20:00:00.000000 UTC,1.266
2026-05-14 12:30:00.000000 UTC,2.26
2026-05-14 02:00:00.000000 UTC,1.098
2026-05-14 21:00:00.000000 UTC,1.027
2026-05-11 19:00:00.000000 UTC,1.674
2026-05-11 22:30:00.000000 UTC,1.116
2026-05-11 14:00:00.000000 UTC,4.259
2026-05-11 09:00:00.000000 UTC,9.365
2026-05-11 06:30:00.000000 UTC,8.436
2026-05-11 01:30:00.000000 UTC,1.335
2026-05-11 16:00:00.000000 UTC,2.21
2026-05-11 10:00:00.000000 UTC,7.312
2026-05-11 02:00:00.000000 UTC,1.5
2026-05-11 09:30:00.000000 UTC,9.116
2026-05-11 03:30:00.000000 UTC,7.147
2026-05-11 20:00:00.000000 UTC,1.187
2026-05-11 06:00:00.000000 UTC,6.7
2026-05-11 17:30:00.000000 UTC,1.168
2026-05-11 12:30:00.000000 UTC,4.811
2026-05-11 02:30:00.000000 UTC,8.683
2026-05-11 16:30:00.000000 UTC,1.944
2026-05-11 19:30:00.000000 UTC,0.697
2026-05-11 08:30:00.000000 UTC,8.599
2026-05-11 22:00:00.000000 UTC,1.028
2026-05-11 07:00:00.000000 UTC,6.128
2026-05-11 23:00:00.000000 UTC,0.725
2026-05-11 00:30:00.000000 UTC,2.517
2026-05-11 23:30:00.000000 UTC,0.798
2026-05-11 00:00:00.000000 UTC,0.845
2026-05-11 12:00:00.000000 UTC,5.616
2026-05-11 11:00:00.000000 UTC,4.859
2026-05-11 14:30:00.000000 UTC,4.018
2026-05-11 18:30:00.000000 UTC,1.16
2026-05-11 05:00:00.000000 UTC,8.225
2026-05-11 13:00:00.000000 UTC,3.657
2026-05-11 04:30:00.000000 UTC,6.236
2026-05-11 13:30:00.000000 UTC,4.961
2026-05-11 21:30:00.000000 UTC,0.696
2026-05-11 21:00:00.000000 UTC,0.726
2026-05-11 18:00:00.000000 UTC,1.067
2026-05-11 10:30:00.000000 UTC,4.935
2026-05-11 01:00:00.000000 UTC,1.175
2026-05-11 04:00:00.000000 UTC,3.016
2026-05-11 08:00:00.000000 UTC,8.429
2026-05-11 17:00:00.000000 UTC,1.581
2026-05-11 15:00:00.000000 UTC,3.536
2026-05-11 15:30:00.000000 UTC,2.843
2026-05-11 03:00:00.000000 UTC,7.345
2026-05-11 07:30:00.000000 UTC,7.772
2026-05-11 11:30:00.000000 UTC,5.318
2026-05-11 05:30:00.000000 UTC,9.392
2026-05-11 20:30:00.000000 UTC,1.44
2026-05-19 20:30:00.000000 UTC,1.53
2026-05-19 05:00:00.000000 UTC,11.7
2026-05-19 17:30:00.000000 UTC,1.382
2026-05-19 14:30:00.000000 UTC,3.497
2026-05-19 10:30:00.000000 UTC,4.908
2026-05-19 09:00:00.000000 UTC,3.74
2026-05-19 13:00:00.000000 UTC,3.779
2026-05-19 13:30:00.000000 UTC,4.256
2026-05-19 02:30:00.000000 UTC,8.533
2026-05-19 04:30:00.000000 UTC,12.165
2026-05-19 12:30:00.000000 UTC,3.303
2026-05-19 20:00:00.000000 UTC,1.306
2026-05-19 01:00:00.000000 UTC,1.059
2026-05-19 08:00:00.000000 UTC,10.193
2026-05-19 16:30:00.000000 UTC,1.547
2026-05-19 10:00:00.000000 UTC,4.54
2026-05-19 02:00:00.000000 UTC,0.962
2026-05-19 18:00:00.000000 UTC,0.898
2026-05-19 03:30:00.000000 UTC,6.509
2026-05-19 15:30:00.000000 UTC,2.911
2026-05-19 07:00:00.000000 UTC,8.848
2026-05-19 21:30:00.000000 UTC,1.031
2026-05-19 23:00:00.000000 UTC,1.03
2026-05-19 18:30:00.000000 UTC,0.7
2026-05-19 00:30:00.000000 UTC,0.95
2026-05-19 22:30:00.000000 UTC,1.63
2026-05-19 04:00:00.000000 UTC,3.148
2026-05-19 12:00:00.000000 UTC,3.67
2026-05-19 01:30:00.000000 UTC,1.399
2026-05-19 11:00:00.000000 UTC,5.352
2026-05-19 19:00:00.000000 UTC,1.213
2026-05-19 22:00:00.000000 UTC,1.544
2026-05-19 05:30:00.000000 UTC,11.739
2026-05-19 03:00:00.000000 UTC,7.051
2026-05-19 11:30:00.000000 UTC,4.88
2026-05-19 17:00:00.000000 UTC,1.616
2026-05-19 07:30:00.000000 UTC,11.818
2026-05-19 06:00:00.000000 UTC,6.947
2026-05-19 06:30:00.000000 UTC,7.412
2026-05-19 16:00:00.000000 UTC,2.115
2026-05-19 09:30:00.000000 UTC,5.555
2026-05-19 00:00:00.000000 UTC,1.225
2026-05-19 14:00:00.000000 UTC,3.266
2026-05-19 21:00:00.000000 UTC,1.234
2026-05-19 19:30:00.000000 UTC,0.977
2026-05-19 23:30:00.000000 UTC,1.095
2026-05-19 15:00:00.000000 UTC,3.454
2026-05-19 08:30:00.000000 UTC,7.057
2026-05-23 23:00:00.000000 UTC,1.859
2026-05-23 00:30:00.000000 UTC,1.706
2026-05-23 18:30:00.000000 UTC,1.865
2026-05-23 03:30:00.000000 UTC,13.91
2026-05-23 15:00:00.000000 UTC,5.822
2026-05-23 19:30:00.000000 UTC,1.271
2026-05-23 03:00:00.000000 UTC,14.036
2026-05-23 18:00:00.000000 UTC,1.959
2026-05-23 01:00:00.000000 UTC,1.748
2026-05-23 01:30:00.000000 UTC,1.712
2026-05-23 08:00:00.000000 UTC,12.022
2026-05-23 09:00:00.000000 UTC,8.944
2026-05-23 14:30:00.000000 UTC,5.465
2026-05-23 12:30:00.000000 UTC,4.742
2026-05-23 22:30:00.000000 UTC,1.574
2026-05-23 16:00:00.000000 UTC,2.953
2026-05-23 05:30:00.000000 UTC,11.498
2026-05-23 06:00:00.000000 UTC,10.657
2026-05-23 09:30:00.000000 UTC,7.749
2026-05-23 22:00:00.000000 UTC,1.321
2026-05-23 13:30:00.000000 UTC,6.044
2026-05-23 10:00:00.000000 UTC,6.458
2026-05-23 00:00:00.000000 UTC,1.553
2026-05-23 21:00:00.000000 UTC,1.231
2026-05-23 19:00:00.000000 UTC,1.672
2026-05-23 12:00:00.000000 UTC,7.124
2026-05-23 23:30:00.000000 UTC,1.504
2026-05-23 02:00:00.000000 UTC,1.399
2026-05-23 06:30:00.000000 UTC,13.736
2026-05-23 10:30:00.000000 UTC,5.713
2026-05-23 11:30:00.000000 UTC,6.678
2026-05-23 08:30:00.000000 UTC,11.552
2026-05-23 02:30:00.000000 UTC,15.81
2026-05-23 07:30:00.000000 UTC,12.904
2026-05-23 14:00:00.000000 UTC,5.757
2026-05-23 04:30:00.000000 UTC,7.926
2026-05-23 15:30:00.000000 UTC,5.869
2026-05-23 11:00:00.000000 UTC,6.4
2026-05-23 05:00:00.000000 UTC,12.93
2026-05-23 04:00:00.000000 UTC,7.176
2026-05-23 20:30:00.000000 UTC,1.258
2026-05-23 21:30:00.000000 UTC,1.508
2026-05-23 20:00:00.000000 UTC,1.579
2026-05-23 17:30:00.000000 UTC,2.193
2026-05-23 13:00:00.000000 UTC,4.899
2026-05-23 17:00:00.000000 UTC,2.213
2026-05-23 07:00:00.000000 UTC,13.753
2026-05-23 16:30:00.000000 UTC,2.251
2026-05-26 00:00:00.000000 UTC,1.26
2026-05-26 16:00:00.000000 UTC,3.382
2026-05-26 10:30:00.000000 UTC,6.029
2026-05-26 02:30:00.000000 UTC,8.364
2026-05-26 20:30:00.000000 UTC,2.287
2026-05-26 13:00:00.000000 UTC,6.161
2026-05-26 08:30:00.000000 UTC,10.48
2026-05-26 12:30:00.000000 UTC,7.774
2026-05-26 12:00:00.000000 UTC,5.713
2026-05-26 11:30:00.000000 UTC,4.603
2026-05-26 14:00:00.000000 UTC,5.715
2026-05-26 03:00:00.000000 UTC,7.333
2026-05-26 21:00:00.000000 UTC,1.871
2026-05-26 10:00:00.000000 UTC,5.647
2026-05-26 06:00:00.000000 UTC,7.116
2026-05-26 23:00:00.000000 UTC,1.696
2026-05-26 15:00:00.000000 UTC,4.917
2026-05-26 06:30:00.000000 UTC,7.473
2026-05-26 16:30:00.000000 UTC,3.259
2026-05-26 13:30:00.000000 UTC,5.307
2026-05-26 20:00:00.000000 UTC,2.474
2026-05-26 14:30:00.000000 UTC,4.554
2026-05-26 18:00:00.000000 UTC,2.823
2026-05-26 01:00:00.000000 UTC,1.18
2026-05-26 09:00:00.000000 UTC,7.524
2026-05-26 03:30:00.000000 UTC,7.488
2026-05-26 21:30:00.000000 UTC,2.083
2026-05-26 05:00:00.000000 UTC,8.281
2026-05-26 17:30:00.000000 UTC,2.892
2026-05-26 01:30:00.000000 UTC,1.194
2026-05-26 19:00:00.000000 UTC,2.567
2026-05-26 22:30:00.000000 UTC,1.774
2026-05-26 17:00:00.000000 UTC,3.189
2026-05-26 04:30:00.000000 UTC,5.924
2026-05-26 08:00:00.000000 UTC,9.532
2026-05-26 00:30:00.000000 UTC,1.525
2026-05-26 22:00:00.000000 UTC,2.084
2026-05-26 02:00:00.000000 UTC,1.423
2026-05-26 07:30:00.000000 UTC,9.171
2026-05-26 09:30:00.000000 UTC,6.145
2026-05-26 23:30:00.000000 UTC,1.264
2026-05-26 04:00:00.000000 UTC,4.1
2026-05-26 11:00:00.000000 UTC,7.548
2026-05-26 07:00:00.000000 UTC,6.426
2026-05-26 05:30:00.000000 UTC,8.586
2026-05-26 19:30:00.000000 UTC,2.273
2026-05-26 15:30:00.000000 UTC,4.362
2026-05-26 18:30:00.000000 UTC,2.96
2026-05-15 08:00:00.000000 UTC,8.087
2026-05-15 00:00:00.000000 UTC,1.195
2026-05-15 06:00:00.000000 UTC,10.255
2026-05-15 12:30:00.000000 UTC,2.868
2026-05-15 02:00:00.000000 UTC,0.714
2026-05-15 20:30:00.000000 UTC,1.311
2026-05-15 20:00:00.000000 UTC,1.227
2026-05-15 21:00:00.000000 UTC,1.058
2026-05-15 16:00:00.000000 UTC,1.771
2026-05-15 18:00:00.000000 UTC,1.348
2026-05-15 04:30:00.000000 UTC,5.677
2026-05-15 19:00:00.000000 UTC,1.135
2026-05-15 05:00:00.000000 UTC,11.849
2026-05-15 02:30:00.000000 UTC,15.105
2026-05-15 22:30:00.000000 UTC,1.189
2026-05-15 09:00:00.000000 UTC,8.319
2026-05-15 13:00:00.000000 UTC,3.409
2026-05-15 17:00:00.000000 UTC,1.727
2026-05-15 19:30:00.000000 UTC,0.769
2026-05-15 10:00:00.000000 UTC,3.931
2026-05-15 11:00:00.000000 UTC,4.123
2026-05-15 21:30:00.000000 UTC,0.933
2026-05-15 10:30:00.000000 UTC,3.729
2026-05-15 15:00:00.000000 UTC,5.035
2026-05-15 23:30:00.000000 UTC,1.904
2026-05-15 14:00:00.000000 UTC,3.672
2026-05-15 03:30:00.000000 UTC,13.011
2026-05-15 11:30:00.000000 UTC,5.096
2026-05-15 22:00:00.000000 UTC,1.508
2026-05-15 09:30:00.000000 UTC,6.166
2026-05-15 23:00:00.000000 UTC,1.256
2026-05-15 07:30:00.000000 UTC,11.254
2026-05-15 18:30:00.000000 UTC,1.497
2026-05-15 14:30:00.000000 UTC,4.047
2026-05-15 16:30:00.000000 UTC,1.874
2026-05-15 12:00:00.000000 UTC,4.153
2026-05-15 13:30:00.000000 UTC,3.939
2026-05-15 08:30:00.000000 UTC,8.379
2026-05-15 17:30:00.000000 UTC,1.38
2026-05-15 01:00:00.000000 UTC,0.827
2026-05-15 00:30:00.000000 UTC,1.38
2026-05-15 03:00:00.000000 UTC,12.972
2026-05-15 01:30:00.000000 UTC,1.217
2026-05-15 04:00:00.000000 UTC,5.262
2026-05-15 05:30:00.000000 UTC,12.177
2026-05-15 07:00:00.000000 UTC,11.117
2026-05-15 06:30:00.000000 UTC,9.128
2026-05-15 15:30:00.000000 UTC,2.987
2026-05-18 06:30:00.000000 UTC,3.157
2026-05-18 08:30:00.000000 UTC,6.711
2026-05-18 01:00:00.000000 UTC,1.489
2026-05-18 09:00:00.000000 UTC,6.96
2026-05-18 10:30:00.000000 UTC,6.425
2026-05-18 21:00:00.000000 UTC,1.318
2026-05-18 10:00:00.000000 UTC,5.135
2026-05-18 22:00:00.000000 UTC,0.768
2026-05-18 02:30:00.000000 UTC,8.707
2026-05-18 16:30:00.000000 UTC,1.379
2026-05-18 00:30:00.000000 UTC,1.595
2026-05-18 12:00:00.000000 UTC,3.687
2026-05-18 16:00:00.000000 UTC,1.299
2026-05-18 07:30:00.000000 UTC,6.634
2026-05-18 09:30:00.000000 UTC,5.833
2026-05-18 11:00:00.000000 UTC,7.058
2026-05-18 13:30:00.000000 UTC,4.65
2026-05-18 04:00:00.000000 UTC,3.391
2026-05-18 04:30:00.000000 UTC,5.515
2026-05-18 19:00:00.000000 UTC,1.076
2026-05-18 18:30:00.000000 UTC,0.811
2026-05-18 01:30:00.000000 UTC,1.366
2026-05-18 14:30:00.000000 UTC,2.31
2026-05-18 20:30:00.000000 UTC,0.704
2026-05-18 23:00:00.000000 UTC,1.024
2026-05-18 22:30:00.000000 UTC,1.2
2026-05-18 21:30:00.000000 UTC,0.918
2026-05-18 07:00:00.000000 UTC,2.819
2026-05-18 13:00:00.000000 UTC,4.321
2026-05-18 03:30:00.000000 UTC,7.162
2026-05-18 00:00:00.000000 UTC,1.514
2026-05-18 15:00:00.000000 UTC,2.38
2026-05-18 19:30:00.000000 UTC,1.252
2026-05-18 05:00:00.000000 UTC,7.1
2026-05-18 17:30:00.000000 UTC,1.033
2026-05-18 23:30:00.000000 UTC,0.799
2026-05-18 06:00:00.000000 UTC,4.492
2026-05-18 11:30:00.000000 UTC,5.66
2026-05-18 14:00:00.000000 UTC,3.275
2026-05-18 20:00:00.000000 UTC,1.055
2026-05-18 12:30:00.000000 UTC,3.819
2026-05-18 17:00:00.000000 UTC,1.059
2026-05-18 03:00:00.000000 UTC,7.416
2026-05-18 15:30:00.000000 UTC,2.061
2026-05-18 02:00:00.000000 UTC,1.402
2026-05-18 18:00:00.000000 UTC,1.437
2026-05-18 08:00:00.000000 UTC,8.109
2026-05-18 05:30:00.000000 UTC,6.646
2026-05-20 08:00:00.000000 UTC,10.246
2026-05-20 16:30:00.000000 UTC,1.887
2026-05-20 18:00:00.000000 UTC,1.621
2026-05-20 10:30:00.000000 UTC,6.276
2026-05-20 08:30:00.000000 UTC,9.137
2026-05-20 06:00:00.000000 UTC,7.316
2026-05-20 22:30:00.000000 UTC,1.303
2026-05-20 00:30:00.000000 UTC,1.387
2026-05-20 04:30:00.000000 UTC,5.81
2026-05-20 15:30:00.000000 UTC,3.488
2026-05-20 05:00:00.000000 UTC,7.529
2026-05-20 03:00:00.000000 UTC,7.314
2026-05-20 06:30:00.000000 UTC,8.985
2026-05-20 16:00:00.000000 UTC,1.959
2026-05-20 09:30:00.000000 UTC,7.02
2026-05-20 14:30:00.000000 UTC,3.931
2026-05-20 17:00:00.000000 UTC,1.585
2026-05-20 10:00:00.000000 UTC,6.455
2026-05-20 12:00:00.000000 UTC,4.038
2026-05-20 22:00:00.000000 UTC,1.804
2026-05-20 23:00:00.000000 UTC,1.18
2026-05-20 15:00:00.000000 UTC,3.024
2026-05-20 00:00:00.000000 UTC,1.858
2026-05-20 01:00:00.000000 UTC,1.014
2026-05-20 07:30:00.000000 UTC,9.17
2026-05-20 14:00:00.000000 UTC,4.044
2026-05-20 11:30:00.000000 UTC,3.865
2026-05-20 07:00:00.000000 UTC,7.38
2026-05-20 02:00:00.000000 UTC,1.317
2026-05-20 20:00:00.000000 UTC,1.503
2026-05-20 13:00:00.000000 UTC,3.268
2026-05-20 03:30:00.000000 UTC,7.158
2026-05-20 09:00:00.000000 UTC,9.232
2026-05-20 01:30:00.000000 UTC,1.63
2026-05-20 21:30:00.000000 UTC,1.412
2026-05-20 12:30:00.000000 UTC,2.638
2026-05-20 18:30:00.000000 UTC,1.524
2026-05-20 02:30:00.000000 UTC,8.451
2026-05-20 21:00:00.000000 UTC,1.442
2026-05-20 04:00:00.000000 UTC,3.419
2026-05-20 19:30:00.000000 UTC,1.343
2026-05-20 20:30:00.000000 UTC,1.171
2026-05-20 13:30:00.000000 UTC,4.03
2026-05-20 19:00:00.000000 UTC,1.703
2026-05-20 23:30:00.000000 UTC,1.102
2026-05-20 05:30:00.000000 UTC,7.853
2026-05-20 11:00:00.000000 UTC,7.935
2026-05-20 17:30:00.000000 UTC,1.58
2026-05-02 09:30:00.000000 UTC,9.768
2026-05-02 10:30:00.000000 UTC,7.128
2026-05-02 05:00:00.000000 UTC,12.955
2026-05-02 08:00:00.000000 UTC,15.739
2026-05-02 14:00:00.000000 UTC,5.416
2026-05-02 06:00:00.000000 UTC,10.91
2026-05-02 18:00:00.000000 UTC,3.012
2026-05-02 07:30:00.000000 UTC,14.161
2026-05-02 23:30:00.000000 UTC,1.259
2026-05-02 11:30:00.000000 UTC,5.374
2026-05-02 19:00:00.000000 UTC,2.6
2026-05-02 14:30:00.000000 UTC,4.545
2026-05-02 03:00:00.000000 UTC,7.216
2026-05-02 10:00:00.000000 UTC,8.932
2026-05-02 21:00:00.000000 UTC,1.674
2026-05-02 00:30:00.000000 UTC,1.882
2026-05-02 22:00:00.000000 UTC,1.863
2026-05-02 20:30:00.000000 UTC,2.031
2026-05-02 13:00:00.000000 UTC,4.931
2026-05-02 19:30:00.000000 UTC,2.459
2026-05-02 16:30:00.000000 UTC,3.602
2026-05-02 12:30:00.000000 UTC,6.2
2026-05-02 07:00:00.000000 UTC,15.867
2026-05-02 16:00:00.000000 UTC,5.638
2026-05-02 02:00:00.000000 UTC,1.379
2026-05-02 06:30:00.000000 UTC,15.354
2026-05-02 05:30:00.000000 UTC,12.985
2026-05-02 01:30:00.000000 UTC,1.428
2026-05-02 15:30:00.000000 UTC,5.814
2026-05-02 17:30:00.000000 UTC,2.79
2026-05-02 04:30:00.000000 UTC,12.51
2026-05-02 12:00:00.000000 UTC,5.516
2026-05-02 11:00:00.000000 UTC,8.691
2026-05-02 15:00:00.000000 UTC,5.691
2026-05-02 23:00:00.000000 UTC,1.481
2026-05-02 13:30:00.000000 UTC,4.259
2026-05-02 18:30:00.000000 UTC,2.827
2026-05-02 22:30:00.000000 UTC,1.34
2026-05-02 03:30:00.000000 UTC,7.138
2026-05-02 09:00:00.000000 UTC,8.628
2026-05-02 08:30:00.000000 UTC,14.744
2026-05-02 20:00:00.000000 UTC,2.321
2026-05-02 04:00:00.000000 UTC,2.935
2026-05-02 17:00:00.000000 UTC,3.134
2026-05-02 21:30:00.000000 UTC,2.433
2026-05-02 01:00:00.000000 UTC,1.625
2026-05-02 02:30:00.000000 UTC,8.511
2026-05-02 00:00:00.000000 UTC,1.446
2026-05-06 12:00:00.000000 UTC,3.548
2026-05-06 19:30:00.000000 UTC,1.424
2026-05-06 18:00:00.000000 UTC,1.555
2026-05-06 04:00:00.000000 UTC,2.901
2026-05-06 17:30:00.000000 UTC,1.562
2026-05-06 20:30:00.000000 UTC,1.732
2026-05-06 18:30:00.000000 UTC,1.457
2026-05-06 09:00:00.000000 UTC,6.279
2026-05-06 13:00:00.000000 UTC,3.601
2026-05-06 05:00:00.000000 UTC,13.209
2026-05-06 11:00:00.000000 UTC,6.811
2026-05-06 01:00:00.000000 UTC,0.843
2026-05-06 14:30:00.000000 UTC,3.632
2026-05-06 00:00:00.000000 UTC,1.065
2026-05-06 00:30:00.000000 UTC,1.123
2026-05-06 12:30:00.000000 UTC,2.016
2026-05-06 02:00:00.000000 UTC,0.819
2026-05-06 14:00:00.000000 UTC,4.447
2026-05-06 01:30:00.000000 UTC,1.304
2026-05-06 07:00:00.000000 UTC,10.807
2026-05-06 23:00:00.000000 UTC,1.554
2026-05-06 19:00:00.000000 UTC,1.605
2026-05-06 21:00:00.000000 UTC,1.876
2026-05-06 06:00:00.000000 UTC,8.73
2026-05-06 03:00:00.000000 UTC,7.059
2026-05-06 22:30:00.000000 UTC,1.413
2026-05-06 13:30:00.000000 UTC,3.558
2026-05-06 16:30:00.000000 UTC,2.278
2026-05-06 15:00:00.000000 UTC,4.071
2026-05-06 22:00:00.000000 UTC,1.555
2026-05-06 08:00:00.000000 UTC,6.099
2026-05-06 17:00:00.000000 UTC,1.993
2026-05-06 21:30:00.000000 UTC,1.452
2026-05-06 03:30:00.000000 UTC,6.797
2026-05-06 02:30:00.000000 UTC,8.085
2026-05-06 06:30:00.000000 UTC,9.876
2026-05-06 20:00:00.000000 UTC,1.398
2026-05-06 16:00:00.000000 UTC,2.098
2026-05-06 05:30:00.000000 UTC,13.83
2026-05-06 09:30:00.000000 UTC,7.12
2026-05-06 04:30:00.000000 UTC,8.625
2026-05-06 07:30:00.000000 UTC,9.378
2026-05-06 11:30:00.000000 UTC,4.86
2026-05-06 10:00:00.000000 UTC,6.207
2026-05-06 10:30:00.000000 UTC,5.025
2026-05-06 23:30:00.000000 UTC,1.53
2026-05-06 08:30:00.000000 UTC,7.12
2026-05-06 15:30:00.000000 UTC,2.597
2026-05-09 18:30:00.000000 UTC,2.605
2026-05-09 04:30:00.000000 UTC,8.494
2026-05-09 19:00:00.000000 UTC,2.799
2026-05-09 16:30:00.000000 UTC,3.747
2026-05-09 01:00:00.000000 UTC,2.3
2026-05-09 02:30:00.000000 UTC,15.949
2026-05-09 07:30:00.000000 UTC,11.453
2026-05-09 03:30:00.000000 UTC,12.942
2026-05-09 00:30:00.000000 UTC,2.576
2026-05-09 15:30:00.000000 UTC,5.458
2026-05-09 21:00:00.000000 UTC,1.566
2026-05-09 22:30:00.000000 UTC,1.468
2026-05-09 14:30:00.000000 UTC,5.821
2026-05-09 17:30:00.000000 UTC,3.129
2026-05-09 06:30:00.000000 UTC,13.218
2026-05-09 12:30:00.000000 UTC,6.336
2026-05-09 20:00:00.000000 UTC,2.644
2026-05-09 15:00:00.000000 UTC,5.793
2026-05-09 10:30:00.000000 UTC,5.031
2026-05-09 05:00:00.000000 UTC,14.094
2026-05-09 06:00:00.000000 UTC,13.253
2026-05-09 14:00:00.000000 UTC,5.626
2026-05-09 02:00:00.000000 UTC,1.481
2026-05-09 07:00:00.000000 UTC,9.1
2026-05-09 23:30:00.000000 UTC,1.515
2026-05-09 17:00:00.000000 UTC,3.47
2026-05-09 01:30:00.000000 UTC,1.49
2026-05-09 19:30:00.000000 UTC,2.356
2026-05-09 21:30:00.000000 UTC,1.534
2026-05-09 22:00:00.000000 UTC,1.446
2026-05-09 13:30:00.000000 UTC,4.718
2026-05-09 12:00:00.000000 UTC,6.063
2026-05-09 13:00:00.000000 UTC,4.412
2026-05-09 11:00:00.000000 UTC,4.968
2026-05-09 10:00:00.000000 UTC,5.405
2026-05-09 08:30:00.000000 UTC,11.136
2026-05-09 16:00:00.000000 UTC,3.731
2026-05-09 04:00:00.000000 UTC,5.318
2026-05-09 11:30:00.000000 UTC,7.157
2026-05-09 20:30:00.000000 UTC,2.215
2026-05-09 03:00:00.000000 UTC,13.065
2026-05-09 23:00:00.000000 UTC,1.816
2026-05-09 00:00:00.000000 UTC,1.106
2026-05-09 18:00:00.000000 UTC,3.091
2026-05-09 09:00:00.000000 UTC,9.529
2026-05-09 09:30:00.000000 UTC,9.387
2026-05-09 05:30:00.000000 UTC,14.355
2026-05-09 08:00:00.000000 UTC,13.853
2026-05-01 02:30:00.000000 UTC,1.427
2026-05-01 07:00:00.000000 UTC,11.82
2026-05-01 13:30:00.000000 UTC,7.657
2026-05-01 23:30:00.000000 UTC,2.004
2026-05-01 22:30:00.000000 UTC,1.868
2026-05-01 21:30:00.000000 UTC,1.45
2026-05-01 05:00:00.000000 UTC,13.504
2026-05-01 09:30:00.000000 UTC,10.139
2026-05-01 04:00:00.000000 UTC,14.245
2026-05-01 12:30:00.000000 UTC,5.156
2026-05-01 20:30:00.000000 UTC,1.696
2026-05-01 09:00:00.000000 UTC,11.57
2026-05-01 15:00:00.000000 UTC,5.061
2026-05-01 02:00:00.000000 UTC,1.44
2026-05-01 08:00:00.000000 UTC,13.914
2026-05-01 11:30:00.000000 UTC,9.214
2026-05-01 18:30:00.000000 UTC,2.1
2026-05-01 10:30:00.000000 UTC,5.346
2026-05-01 16:00:00.000000 UTC,3.482
2026-05-01 17:00:00.000000 UTC,2.116
2026-05-01 19:30:00.000000 UTC,1.586
2026-05-01 07:30:00.000000 UTC,16.123
2026-05-01 14:30:00.000000 UTC,5.132
2026-05-01 06:00:00.000000 UTC,14.152
2026-05-01 20:00:00.000000 UTC,1.583
2026-05-01 03:30:00.000000 UTC,15.134
2026-05-01 22:00:00.000000 UTC,1.543
2026-05-01 21:00:00.000000 UTC,1.831
2026-05-01 01:00:00.000000 UTC,1.4
2026-05-01 23:00:00.000000 UTC,1.45
2026-05-01 15:30:00.000000 UTC,5.515
2026-05-01 18:00:00.000000 UTC,1.797
2026-05-01 13:00:00.000000 UTC,6.032
2026-05-01 08:30:00.000000 UTC,12.914
2026-05-01 19:00:00.000000 UTC,1.863
2026-05-01 03:00:00.000000 UTC,1.593
2026-05-01 05:30:00.000000 UTC,11.481
2026-05-01 04:30:00.000000 UTC,13.832
2026-05-01 00:00:00.000000 UTC,1.045
2026-05-01 16:30:00.000000 UTC,3.328
2026-05-01 17:30:00.000000 UTC,1.846
2026-05-01 12:00:00.000000 UTC,6.171
2026-05-01 11:00:00.000000 UTC,6.214
2026-05-01 06:30:00.000000 UTC,7.443
2026-05-01 14:00:00.000000 UTC,6.722
2026-05-01 00:30:00.000000 UTC,1.803
2026-05-01 01:30:00.000000 UTC,1.091
2026-05-01 10:00:00.000000 UTC,10.703
2026-05-27 12:30:00.000000 UTC,3.787
2026-05-27 21:30:00.000000 UTC,1.34
2026-05-27 20:00:00.000000 UTC,2.116
2026-05-27 04:30:00.000000 UTC,6.614
2026-05-27 15:30:00.000000 UTC,3.617
2026-05-27 14:00:00.000000 UTC,4.012
2026-05-27 18:00:00.000000 UTC,2.015
2026-05-27 00:30:00.000000 UTC,1.536
2026-05-27 04:00:00.000000 UTC,3.65
2026-05-27 02:30:00.000000 UTC,8.126
2026-05-27 19:30:00.000000 UTC,1.884
2026-05-27 18:30:00.000000 UTC,2.16
2026-05-27 05:00:00.000000 UTC,8.375
2026-05-27 15:00:00.000000 UTC,4.388
2026-05-27 08:30:00.000000 UTC,7.651
2026-05-27 07:00:00.000000 UTC,9.489
2026-05-27 03:30:00.000000 UTC,7.885
2026-05-27 21:00:00.000000 UTC,1.478
2026-05-27 14:30:00.000000 UTC,4.829
2026-05-27 05:30:00.000000 UTC,8.76
2026-05-27 16:30:00.000000 UTC,3.011
2026-05-27 11:30:00.000000 UTC,4.86
2026-05-27 22:00:00.000000 UTC,1.24
2026-05-27 12:00:00.000000 UTC,4.318
2026-05-27 06:30:00.000000 UTC,9.161
2026-05-27 20:30:00.000000 UTC,1.454
2026-05-27 17:30:00.000000 UTC,2.601
2026-05-27 16:00:00.000000 UTC,2.814
2026-05-27 13:00:00.000000 UTC,4.507
2026-05-27 01:30:00.000000 UTC,1.171
2026-05-27 00:00:00.000000 UTC,1.771
2026-05-27 03:00:00.000000 UTC,7.185
2026-05-27 02:00:00.000000 UTC,1.43
2026-05-27 10:00:00.000000 UTC,5.371
2026-05-27 23:00:00.000000 UTC,1.143
2026-05-27 09:00:00.000000 UTC,5.835
2026-05-27 10:30:00.000000 UTC,5.4
2026-05-27 08:00:00.000000 UTC,10.53
2026-05-27 11:00:00.000000 UTC,5.769
2026-05-27 17:00:00.000000 UTC,2.661
2026-05-27 23:30:00.000000 UTC,0.998
2026-05-27 07:30:00.000000 UTC,11.966
2026-05-27 01:00:00.000000 UTC,1.118
2026-05-27 22:30:00.000000 UTC,1.184
2026-05-27 06:00:00.000000 UTC,9.251
2026-05-27 09:30:00.000000 UTC,4.373
2026-05-27 19:00:00.000000 UTC,1.99
2026-05-27 13:30:00.000000 UTC,5.714
2026-05-29 21:30:00.000000 UTC,1.33
2026-05-29 15:00:00.000000 UTC,5.637
2026-05-29 20:00:00.000000 UTC,1.98
2026-05-29 18:00:00.000000 UTC,3.293
2026-05-29 20:30:00.000000 UTC,1.779
2026-05-29 19:00:00.000000 UTC,2.986
2026-05-29 01:00:00.000000 UTC,1.329
2026-05-29 23:00:00.000000 UTC,1.384
2026-05-29 00:30:00.000000 UTC,1.195
2026-05-29 10:00:00.000000 UTC,10.394
2026-05-29 23:30:00.000000 UTC,1.173
2026-05-29 00:00:00.000000 UTC,1.204
2026-05-29 22:00:00.000000 UTC,1.038
2026-05-29 18:30:00.000000 UTC,2.996
2026-05-29 02:00:00.000000 UTC,1.045
2026-05-29 17:30:00.000000 UTC,3.49
2026-05-29 21:00:00.000000 UTC,1.369
2026-05-29 03:00:00.000000 UTC,13.668
2026-05-29 04:00:00.000000 UTC,7.872
2026-05-29 07:30:00.000000 UTC,12.444
2026-05-29 05:30:00.000000 UTC,12.892
2026-05-29 09:00:00.000000 UTC,8.799
2026-05-29 12:30:00.000000 UTC,6.298
2026-05-29 19:30:00.000000 UTC,2.215
2026-05-29 22:30:00.000000 UTC,1.196
2026-05-29 10:30:00.000000 UTC,7.121
2026-05-29 14:00:00.000000 UTC,6.493
2026-05-29 04:30:00.000000 UTC,7.845
2026-05-29 16:00:00.000000 UTC,4.205
2026-05-29 13:30:00.000000 UTC,7.383
2026-05-29 11:30:00.000000 UTC,7.915
2026-05-29 14:30:00.000000 UTC,5.956
2026-05-29 16:30:00.000000 UTC,3.875
2026-05-29 09:30:00.000000 UTC,7.958
2026-05-29 07:00:00.000000 UTC,13.874
2026-05-29 02:30:00.000000 UTC,15.411
2026-05-29 01:30:00.000000 UTC,1.208
2026-05-29 11:00:00.000000 UTC,7.361
2026-05-29 08:30:00.000000 UTC,10.403
2026-05-29 05:00:00.000000 UTC,14.466
2026-05-29 13:00:00.000000 UTC,7.903
2026-05-29 17:00:00.000000 UTC,3.738
2026-05-29 03:30:00.000000 UTC,14.335
2026-05-29 06:30:00.000000 UTC,13.387
2026-05-29 12:00:00.000000 UTC,6.079
2026-05-29 15:30:00.000000 UTC,4.785
2026-05-29 08:00:00.000000 UTC,10.92
2026-05-29 06:00:00.000000 UTC,12.434
2026-05-16 11:30:00.000000 UTC,6.449
2026-05-16 05:30:00.000000 UTC,11.264
2026-05-16 04:30:00.000000 UTC,5.525
2026-05-16 19:00:00.000000 UTC,1.798
2026-05-16 03:00:00.000000 UTC,12.776
2026-05-16 00:00:00.000000 UTC,1.112
2026-05-16 06:00:00.000000 UTC,10.562
2026-05-16 18:00:00.000000 UTC,1.154
2026-05-16 12:30:00.000000 UTC,2.907
2026-05-16 08:30:00.000000 UTC,13.177
2026-05-16 17:00:00.000000 UTC,1.597
2026-05-16 16:00:00.000000 UTC,2.201
2026-05-16 12:00:00.000000 UTC,5.054
2026-05-16 06:30:00.000000 UTC,13.513
2026-05-16 09:00:00.000000 UTC,10.119
2026-05-16 07:00:00.000000 UTC,12.13
2026-05-16 01:30:00.000000 UTC,1.036
2026-05-16 22:00:00.000000 UTC,1.398
2026-05-16 17:30:00.000000 UTC,1.223
2026-05-16 02:00:00.000000 UTC,0.946
2026-05-16 19:30:00.000000 UTC,1.3
2026-05-16 00:30:00.000000 UTC,0.989
2026-05-16 14:30:00.000000 UTC,4.237
2026-05-16 13:00:00.000000 UTC,3.2
2026-05-16 15:30:00.000000 UTC,3.944
2026-05-16 11:00:00.000000 UTC,5.512
2026-05-16 02:30:00.000000 UTC,15.489
2026-05-16 20:00:00.000000 UTC,1.469
2026-05-16 03:30:00.000000 UTC,12.526
2026-05-16 20:30:00.000000 UTC,1.419
2026-05-16 21:30:00.000000 UTC,1.183
2026-05-16 23:00:00.000000 UTC,0.772
2026-05-16 04:00:00.000000 UTC,5.373
2026-05-16 09:30:00.000000 UTC,7.947
2026-05-16 08:00:00.000000 UTC,11.737
2026-05-16 01:00:00.000000 UTC,1.314
2026-05-16 16:30:00.000000 UTC,1.559
2026-05-16 14:00:00.000000 UTC,4.294
2026-05-16 15:00:00.000000 UTC,4.013
2026-05-16 10:00:00.000000 UTC,6.783
2026-05-16 21:00:00.000000 UTC,1.043
2026-05-16 05:00:00.000000 UTC,11.243
2026-05-16 07:30:00.000000 UTC,9.708
2026-05-16 22:30:00.000000 UTC,1.094
2026-05-16 18:30:00.000000 UTC,1.254
2026-05-16 23:30:00.000000 UTC,1.229
2026-05-16 10:30:00.000000 UTC,5.36
2026-05-16 13:30:00.000000 UTC,3.75
2026-05-24 16:30:00.000000 UTC,3.466
2026-05-24 05:00:00.000000 UTC,12.033
2026-05-24 22:30:00.000000 UTC,2.446
2026-05-24 03:00:00.000000 UTC,13.35
2026-05-24 16:00:00.000000 UTC,3.244
2026-05-24 04:30:00.000000 UTC,6.625
2026-05-24 12:00:00.000000 UTC,6.592
2026-05-24 17:00:00.000000 UTC,3.168
2026-05-24 15:00:00.000000 UTC,5.19
2026-05-24 13:00:00.000000 UTC,4.297
2026-05-24 21:00:00.000000 UTC,2.681
2026-05-24 20:00:00.000000 UTC,2.765
2026-05-24 03:30:00.000000 UTC,12.53
2026-05-24 23:30:00.000000 UTC,2.607
2026-05-24 17:30:00.000000 UTC,3.286
2026-05-24 02:00:00.000000 UTC,1.394
2026-05-24 00:30:00.000000 UTC,1.953
2026-05-24 12:30:00.000000 UTC,6.229
2026-05-24 01:30:00.000000 UTC,1.371
2026-05-24 18:00:00.000000 UTC,3.113
2026-05-24 14:30:00.000000 UTC,5.374
2026-05-24 01:00:00.000000 UTC,1.261
2026-05-24 18:30:00.000000 UTC,3.121
2026-05-24 10:30:00.000000 UTC,4.919
2026-05-24 11:30:00.000000 UTC,5.582
2026-05-24 20:30:00.000000 UTC,2.531
2026-05-24 07:00:00.000000 UTC,13.17
2026-05-24 10:00:00.000000 UTC,5.055
2026-05-24 04:00:00.000000 UTC,4.971
2026-05-24 11:00:00.000000 UTC,5.924
2026-05-24 07:30:00.000000 UTC,12.535
2026-05-24 00:00:00.000000 UTC,1.604
2026-05-24 08:30:00.000000 UTC,6.148
2026-05-24 14:00:00.000000 UTC,5.899
2026-05-24 19:00:00.000000 UTC,2.904
2026-05-24 21:30:00.000000 UTC,2.338
2026-05-24 08:00:00.000000 UTC,8.865
2026-05-24 13:30:00.000000 UTC,4.735
2026-05-24 19:30:00.000000 UTC,2.517
2026-05-24 02:30:00.000000 UTC,15.67
2026-05-24 22:00:00.000000 UTC,2.558
2026-05-24 23:00:00.000000 UTC,2.347
2026-05-24 09:00:00.000000 UTC,5.839
2026-05-24 05:30:00.000000 UTC,12.958
2026-05-24 06:30:00.000000 UTC,13.676
2026-05-24 09:30:00.000000 UTC,5.95
2026-05-24 06:00:00.000000 UTC,11.598
2026-05-24 15:30:00.000000 UTC,3.53
2026-05-10 06:30:00.000000 UTC,11.206
2026-05-10 10:00:00.000000 UTC,6.982
2026-05-10 11:30:00.000000 UTC,4.611
2026-05-10 02:00:00.000000 UTC,1.296
2026-05-10 19:30:00.000000 UTC,0.987
2026-05-10 18:30:00.000000 UTC,1.25
2026-05-10 12:30:00.000000 UTC,3.601
2026-05-10 20:00:00.000000 UTC,1.256
2026-05-10 11:00:00.000000 UTC,7.684
2026-05-10 19:00:00.000000 UTC,1.139
2026-05-10 13:30:00.000000 UTC,3.783
2026-05-10 23:30:00.000000 UTC,1.062
2026-05-10 20:30:00.000000 UTC,0.956
2026-05-10 04:00:00.000000 UTC,6.98
2026-05-10 14:00:00.000000 UTC,3.273
2026-05-10 03:00:00.000000 UTC,13.529
2026-05-10 00:30:00.000000 UTC,2.295
2026-05-10 09:30:00.000000 UTC,7.923
2026-05-10 08:30:00.000000 UTC,7.293
2026-05-10 23:00:00.000000 UTC,1.102
2026-05-10 07:00:00.000000 UTC,11.672
2026-05-10 03:30:00.000000 UTC,14.37
2026-05-10 21:00:00.000000 UTC,0.912
2026-05-10 04:30:00.000000 UTC,8.005
2026-05-10 08:00:00.000000 UTC,12.051
2026-05-10 17:30:00.000000 UTC,1.355
2026-05-10 16:30:00.000000 UTC,2.823
2026-05-10 16:00:00.000000 UTC,1.446
2026-05-10 09:00:00.000000 UTC,7.723
2026-05-10 18:00:00.000000 UTC,0.928
2026-05-10 22:00:00.000000 UTC,0.897
2026-05-10 14:30:00.000000 UTC,3.851
2026-05-10 15:00:00.000000 UTC,2.684
2026-05-10 02:30:00.000000 UTC,15.464
2026-05-10 17:00:00.000000 UTC,2.142
2026-05-10 21:30:00.000000 UTC,1.305
2026-05-10 01:00:00.000000 UTC,2.456
2026-05-10 22:30:00.000000 UTC,1.052
2026-05-10 07:30:00.000000 UTC,10.979
2026-05-10 05:30:00.000000 UTC,8.328
2026-05-10 00:00:00.000000 UTC,1.142
2026-05-10 10:30:00.000000 UTC,5.948
2026-05-10 12:00:00.000000 UTC,5.042
2026-05-10 13:00:00.000000 UTC,4.272
2026-05-10 06:00:00.000000 UTC,10.346
2026-05-10 15:30:00.000000 UTC,1.879
2026-05-10 01:30:00.000000 UTC,1.7
2026-05-10 05:00:00.000000 UTC,10.331
2026-05-31 00:00:00.000000 UTC,1.657
2026-05-31 17:00:00.000000 UTC,3.005
2026-05-31 21:00:00.000000 UTC,1.259
2026-05-31 07:00:00.000000 UTC,13.058
2026-05-31 14:00:00.000000 UTC,5.713
2026-05-31 05:00:00.000000 UTC,12.518
2026-05-31 04:00:00.000000 UTC,7.543
2026-05-31 17:30:00.000000 UTC,2.925
2026-05-31 09:30:00.000000 UTC,8.525
2026-05-31 12:00:00.000000 UTC,8.306
2026-05-31 22:00:00.000000 UTC,1.034
2026-05-31 00:30:00.000000 UTC,1.902
2026-05-31 13:30:00.000000 UTC,5.8
2026-05-31 23:30:00.000000 UTC,1.068
2026-05-31 10:30:00.000000 UTC,9.51
2026-05-31 02:00:00.000000 UTC,1.34
2026-05-31 19:00:00.000000 UTC,1.927
2026-05-31 23:00:00.000000 UTC,1.022
2026-05-31 19:30:00.000000 UTC,1.367
2026-05-31 02:30:00.000000 UTC,15.26
2026-05-31 04:30:00.000000 UTC,6.837
2026-05-31 08:30:00.000000 UTC,7.415
2026-05-31 06:30:00.000000 UTC,14.581
2026-05-31 03:00:00.000000 UTC,13.719
2026-05-31 10:00:00.000000 UTC,10.639
2026-05-31 06:00:00.000000 UTC,13.499
2026-05-31 22:30:00.000000 UTC,1.165
2026-05-31 18:30:00.000000 UTC,1.805
2026-05-31 18:00:00.000000 UTC,2.899
2026-05-31 03:30:00.000000 UTC,14.429
2026-05-31 05:30:00.000000 UTC,13.285
2026-05-31 16:00:00.000000 UTC,3.364
2026-05-31 20:30:00.000000 UTC,1.052
2026-05-31 08:00:00.000000 UTC,10.266
2026-05-31 09:00:00.000000 UTC,8.175
2026-05-31 15:00:00.000000 UTC,5.748
2026-05-31 11:30:00.000000 UTC,6.726
2026-05-31 01:30:00.000000 UTC,0.962
2026-05-31 20:00:00.000000 UTC,1.467
2026-05-31 07:30:00.000000 UTC,11.676
2026-05-31 14:30:00.000000 UTC,5.848
2026-05-31 12:30:00.000000 UTC,6.113
2026-05-31 01:00:00.000000 UTC,1.45
2026-05-31 21:30:00.000000 UTC,1.067
2026-05-31 11:00:00.000000 UTC,7.984
2026-05-31 16:30:00.000000 UTC,3.32
2026-05-31 15:30:00.000000 UTC,4.537
2026-05-31 13:00:00.000000 UTC,5.018